{
    "0": {
        "s": [
            5.594078291164773,
            5.878596447771317,
            6.163114604377861,
            6.447632760984404,
            6.732150917590949,
            7.016669074197492,
            7.301187230804036,
            7.58570538741058,
            7.870223544017124
        ],
        "rho": [
            -13.568118122140282,
            -13.666999701784913,
            -13.72778496490055,
            -13.86136734873895,
            -14.137989024499465,
            -14.575735557202183,
            -14.981496304857064,
            -15.574468475206794,
            -16.476286589698038
        ],
        "unit": "log m2"
    },
    "1": {
        "s": [
            5.654565285501716,
            5.998671676151167,
            6.342778066800618,
            6.686884457450069,
            7.0309908480995205,
            7.375097238748971,
            7.719203629398422,
            8.063310020047874,
            8.407416410697325
        ],
        "rho": [
            -13.815411874261873,
            -14.182999360760848,
            -14.21417653244661,
            -14.41891447106512,
            -14.857807181092772,
            -15.309547450142052,
            -15.857773823447427,
            -16.900850218432897,
            -17.54598660474633
        ],
        "unit": "log m2"
    },
    "2": {
        "s": [
            5.564633067362381,
            5.813203652285073,
            6.061774237207765,
            6.310344822130457,
            6.558915407053149,
            6.807485991975842,
            7.056056576898533,
            7.304627161821226,
            7.553197746743918
        ],
        "rho": [
            -13.36000799966482,
            -13.550586637609824,
            -13.605337196516404,
            -13.660783183084634,
            -13.995268396713918,
            -14.180787235889524,
            -14.506197851044938,
            -14.990857624698595,
            -15.380757362417757
        ],
        "unit": "log m2"
    },
    "3": {
        "s": [
            5.684256618802517,
            6.035217949731322,
            6.386179280660127,
            6.737140611588933,
            7.088101942517738,
            7.439063273446544,
            7.790024604375349,
            8.140985935304155
        ],
        "rho": [
            -13.711524693055043,
            -14.062486023983848,
            -14.191598605296297,
            -14.396431900546865,
            -14.814340021106283,
            -15.341392611090768,
            -16.16947519673924,
            -16.821466523332024
        ],
        "unit": "log m2"
    },
    "4": {
        "s": [
            5.596729254513545,
            5.891863064258263,
            6.186996874002979,
            6.482130683747696,
            6.777264493492413,
            7.07239830323713,
            7.367532112981847,
            7.662665922726563,
            7.957799732471281
        ],
        "rho": [
            -13.94551619567635,
            -13.830475540332017,
            -14.019154019162446,
            -14.244651900765769,
            -14.402947750602477,
            -14.698081560347195,
            -15.35729711150298,
            -15.6524309212477,
            -16.45271470931232
        ],
        "unit": "log m2"
    }
}